{"cameraMode":{"drawMode":0,"name":"Shaded","section":"Shading Mode"},"sceneLighting":false,"audioPlay":false,"sceneViewState":{"showFog":true,"showMaterialUpdate":false,"showSkybox":false,"showFlares":true,"showImageEffects":true,"showParticleSystems":true},"in2DMode":false,"pivot":{"x":-1.5868358612060547,"y":0.9779874682426453,"z":9.027366638183594},"rotation":{"x":0.24969035387039185,"y":-0.007392488420009613,"z":0.0017276935977861286,"w":0.968519389629364},"size":1.7010865211486817,"orthographic":false}