{"cameraMode":{"drawMode":0,"name":"Shaded","section":"Shading Mode"},"sceneLighting":false,"audioPlay":false,"sceneViewState":{"showFog":true,"showMaterialUpdate":false,"showSkybox":false,"showFlares":true,"showImageEffects":true,"showParticleSystems":true},"in2DMode":false,"pivot":{"x":0.0002636909484863281,"y":0.9703625440597534,"z":0.013126909732818604},"rotation":{"x":-0.18274493515491486,"y":-0.4728042185306549,"z":0.10093723237514496,"w":-0.856107234954834},"size":1.2858898639678956,"orthographic":false}