{"cameraMode":{"drawMode":0,"name":"Shaded","section":"Shading Mode"},"sceneLighting":true,"audioPlay":false,"sceneViewState":{"showFog":true,"showMaterialUpdate":false,"showSkybox":true,"showFlares":true,"showImageEffects":true,"showParticleSystems":true},"in2DMode":false,"pivot":{"x":-2.925612449645996,"y":1.0641659498214722,"z":13.511534690856934},"rotation":{"x":-0.017900321632623674,"y":0.8071780800819397,"z":-0.024456564337015153,"w":-0.5896169543266296},"size":1.4517643451690674,"orthographic":false}