{"cameraMode":{"drawMode":0,"name":"Shaded","section":"Shading Mode"},"sceneLighting":true,"audioPlay":false,"sceneViewState":{"showFog":true,"showMaterialUpdate":false,"showSkybox":true,"showFlares":true,"showImageEffects":true,"showParticleSystems":true},"in2DMode":false,"pivot":{"x":-2.45926833152771,"y":0.6110637784004211,"z":8.668315887451172},"rotation":{"x":0.17853732407093049,"y":-0.508054256439209,"z":0.10828710347414017,"w":0.8358958959579468},"size":2.3721747398376467,"orthographic":false}