{"cameraMode":{"drawMode":0,"name":"Shaded","section":"Shading Mode"},"sceneLighting":false,"audioPlay":false,"sceneViewState":{"showFog":true,"showMaterialUpdate":false,"showSkybox":false,"showFlares":true,"showImageEffects":true,"showParticleSystems":true},"in2DMode":false,"pivot":{"x":551.0932006835938,"y":315.8757019042969,"z":11.763707160949707},"rotation":{"x":0.13270585238933564,"y":-0.1054903119802475,"z":0.013992037624120713,"w":0.9856504797935486},"size":0.35501569509506228,"orthographic":false}